{"R": 125.13854530944825, "G": 116.1115335281372, "B": 106.2203860244751}